"s","p","o"
"http://ufs.br/ontologies/mpl2kdl#Call0x7f215761f6a0","http://ufs.br/ontologies/mpl2kdl#_func","http://ufs.br/ontologies/mpl2kdl#Name0x7f215761f670"
"http://ufs.br/ontologies/mpl2kdl#While0x7f215761f5e0","http://www.w3.org/1999/02/22-rdf-syntax-ns#type","http://ufs.br/ontologies/mpl2kdl#While"
"http://ufs.br/ontologies/mpl2kdl#Assign0x7f215761f700","http://www.w3.org/1999/02/22-rdf-syntax-ns#type","http://ufs.br/ontologies/mpl2kdl#Assign"
"http://ufs.br/ontologies/mpl2kdl#alias0x7f215761fb50","http://www.w3.org/1999/02/22-rdf-syntax-ns#type","http://ufs.br/ontologies/mpl2kdl#alias"
"http://ufs.br/ontologies/mpl2kdl#Call0x7f215761f6a0","http://www.w3.org/1999/02/22-rdf-syntax-ns#type","http://ufs.br/ontologies/mpl2kdl#Call"
"http://ufs.br/ontologies/mpl2kdl#Constant0x7f215761f610","http://ufs.br/ontologies/mpl2kdl#_value","2"
"http://ufs.br/ontologies/mpl2kdl#Name0x7f215761f6d0","http://ufs.br/ontologies/mpl2kdl#_ctx","http://ufs.br/ontologies/mpl2kdl#Store0x7f215761c880"
"http://ufs.br/ontologies/mpl2kdl#ImportFrom0x7f215761fd30","http://ufs.br/ontologies/mpl2kdl#_module","digitalLockerRefRef.digitalLocker_librayRef"
"http://ufs.br/ontologies/mpl2kdl#Name0x7f215761ed70","http://www.w3.org/1999/02/22-rdf-syntax-ns#type","http://ufs.br/ontologies/mpl2kdl#Name"
"http://ufs.br/ontologies/mpl2kdl#Constant0x7f215761f880","http://ufs.br/ontologies/mpl2kdl#_value","NameOfNetworkTP"
"http://ufs.br/ontologies/mpl2kdl#Constant0x7f215761ee30","http://ufs.br/ontologies/mpl2kdl#_value","6"
"http://ufs.br/ontologies/mpl2kdl#alias0x7f215761fd00","http://www.w3.org/1999/02/22-rdf-syntax-ns#type","http://ufs.br/ontologies/mpl2kdl#alias"
"http://ufs.br/ontologies/mpl2kdl#Assign0x7f215761efb0","http://ufs.br/ontologies/mpl2kdl#_value","http://ufs.br/ontologies/mpl2kdl#Call0x7f215761ef50"
"http://ufs.br/ontologies/mpl2kdl#Compare0x7f215761f040","http://www.w3.org/1999/02/22-rdf-syntax-ns#type","http://ufs.br/ontologies/mpl2kdl#Compare"
"http://ufs.br/ontologies/mpl2kdl#Compare0x7f215761ee90","http://ufs.br/ontologies/mpl2kdl#_ops","http://ufs.br/ontologies/mpl2kdl#Eq0x7f215761d150"
"http://ufs.br/ontologies/mpl2kdl#Assign0x7f215761f370","http://ufs.br/ontologies/mpl2kdl#_targets","http://ufs.br/ontologies/mpl2kdl#Name0x7f215761f340"
"http://ufs.br/ontologies/mpl2kdl#alias0x7f215761fca0","http://www.w3.org/1999/02/22-rdf-syntax-ns#type","http://ufs.br/ontologies/mpl2kdl#alias"
"http://ufs.br/ontologies/mpl2kdl#Name0x7f215761f010","http://ufs.br/ontologies/mpl2kdl#_id","locker_on"
"http://ufs.br/ontologies/mpl2kdl#Name0x7f215761ed40","http://ufs.br/ontologies/mpl2kdl#_ctx","http://ufs.br/ontologies/mpl2kdl#Load0x7f215761c820"
"http://ufs.br/ontologies/mpl2kdl#FunctionDef0x7f215761faf0","http://ufs.br/ontologies/mpl2kdl#_body","http://ufs.br/ontologies/mpl2kdl#Expr0x7f215761fa60"
"http://ufs.br/ontologies/mpl2kdl#Constant0x7f215761f9d0","http://www.w3.org/1999/02/22-rdf-syntax-ns#type","http://ufs.br/ontologies/mpl2kdl#Constant"
"http://ufs.br/ontologies/mpl2kdl#Assign0x7f215761f820","http://ufs.br/ontologies/mpl2kdl#_targets","http://ufs.br/ontologies/mpl2kdl#Tuple0x7f215761f7f0"
"http://ufs.br/ontologies/mpl2kdl#Call0x7f215761f310","http://ufs.br/ontologies/mpl2kdl#_func","http://ufs.br/ontologies/mpl2kdl#Name0x7f215761f2e0"
"http://ufs.br/ontologies/mpl2kdl#While0x7f215761f5e0","http://ufs.br/ontologies/mpl2kdl#_body","http://ufs.br/ontologies/mpl2kdl#If0x7f215761f070"
"http://ufs.br/ontologies/mpl2kdl#Name0x7f215761ec80","http://ufs.br/ontologies/mpl2kdl#_id","web_page_loader"
"http://ufs.br/ontologies/mpl2kdl#Tuple0x7f215761f7f0","http://www.w3.org/1999/02/22-rdf-syntax-ns#type","http://ufs.br/ontologies/mpl2kdl#Tuple"
"http://ufs.br/ontologies/mpl2kdl#Tuple0x7f215761f7f0","http://ufs.br/ontologies/mpl2kdl#_ctx","http://ufs.br/ontologies/mpl2kdl#Store0x7f215761c880"
"http://ufs.br/ontologies/mpl2kdl#Assign0x7f215761f280","http://ufs.br/ontologies/mpl2kdl#_targets","http://ufs.br/ontologies/mpl2kdl#Name0x7f215761f250"
"http://ufs.br/ontologies/mpl2kdl#Expr0x7f215761ebc0","http://ufs.br/ontologies/mpl2kdl#_value","http://ufs.br/ontologies/mpl2kdl#Call0x7f215761eb90"
"http://ufs.br/ontologies/mpl2kdl#Name0x7f215761ef20","http://ufs.br/ontologies/mpl2kdl#_ctx","http://ufs.br/ontologies/mpl2kdl#Load0x7f215761c820"
"http://ufs.br/ontologies/mpl2kdl#Call0x7f215761f430","http://ufs.br/ontologies/mpl2kdl#_func","http://ufs.br/ontologies/mpl2kdl#Name0x7f215761f400"
"http://ufs.br/ontologies/mpl2kdl#Name0x7f215761fa00","http://www.w3.org/1999/02/22-rdf-syntax-ns#type","http://ufs.br/ontologies/mpl2kdl#Name"
"http://ufs.br/ontologies/mpl2kdl#Assign0x7f215761f700","http://ufs.br/ontologies/mpl2kdl#_value","http://ufs.br/ontologies/mpl2kdl#Call0x7f215761f6a0"
"http://ufs.br/ontologies/mpl2kdl#ImportFrom0x7f215761fdf0","http://ufs.br/ontologies/mpl2kdl#_names","http://ufs.br/ontologies/mpl2kdl#alias0x7f215761fdc0"
"http://ufs.br/ontologies/mpl2kdl#ImportFrom0x7f215761fd90","http://ufs.br/ontologies/mpl2kdl#_names","http://ufs.br/ontologies/mpl2kdl#alias0x7f215761fd60"
"http://ufs.br/ontologies/mpl2kdl#Name0x7f215761f460","http://www.w3.org/1999/02/22-rdf-syntax-ns#type","http://ufs.br/ontologies/mpl2kdl#Name"
"http://ufs.br/ontologies/mpl2kdl#Name0x7f215761eb60","http://www.w3.org/1999/02/22-rdf-syntax-ns#type","http://ufs.br/ontologies/mpl2kdl#Name"
"http://ufs.br/ontologies/mpl2kdl#Name0x7f215761f250","http://ufs.br/ontologies/mpl2kdl#_ctx","http://ufs.br/ontologies/mpl2kdl#Store0x7f215761c880"
"http://ufs.br/ontologies/mpl2kdl#Name0x7f215761f4c0","http://www.w3.org/1999/02/22-rdf-syntax-ns#type","http://ufs.br/ontologies/mpl2kdl#Name"
"http://ufs.br/ontologies/mpl2kdl#Call0x7f215761eb90","http://ufs.br/ontologies/mpl2kdl#_func","http://ufs.br/ontologies/mpl2kdl#Name0x7f215761eb60"
"http://ufs.br/ontologies/mpl2kdl#Name0x7f215761ea70","http://ufs.br/ontologies/mpl2kdl#_ctx","http://ufs.br/ontologies/mpl2kdl#Load0x7f215761c820"
"http://ufs.br/ontologies/mpl2kdl#Assign0x7f215761f580","http://ufs.br/ontologies/mpl2kdl#_value","http://ufs.br/ontologies/mpl2kdl#Call0x7f215761f520"
"http://ufs.br/ontologies/mpl2kdl#Call0x7f215761f970","http://ufs.br/ontologies/mpl2kdl#_func","http://ufs.br/ontologies/mpl2kdl#Name0x7f215761f940"
"http://ufs.br/ontologies/mpl2kdl#Call0x7f215761f520","http://ufs.br/ontologies/mpl2kdl#_args","http://ufs.br/ontologies/mpl2kdl#Name0x7f215761f4c0"
"http://ufs.br/ontologies/mpl2kdl#Name0x7f215761f4c0","http://ufs.br/ontologies/mpl2kdl#_id","socket"
"http://ufs.br/ontologies/mpl2kdl#Name0x7f215761f340","http://ufs.br/ontologies/mpl2kdl#_ctx","http://ufs.br/ontologies/mpl2kdl#Store0x7f215761c880"
"http://ufs.br/ontologies/mpl2kdl#Assign0x7f215761f820","http://ufs.br/ontologies/mpl2kdl#_value","http://ufs.br/ontologies/mpl2kdl#Call0x7f215761f760"
"http://ufs.br/ontologies/mpl2kdl#Assign0x7f215761ee00","http://ufs.br/ontologies/mpl2kdl#_value","http://ufs.br/ontologies/mpl2kdl#Call0x7f215761eda0"
"http://ufs.br/ontologies/mpl2kdl#Call0x7f215761f520","http://www.w3.org/1999/02/22-rdf-syntax-ns#type","http://ufs.br/ontologies/mpl2kdl#Call"
"http://ufs.br/ontologies/mpl2kdl#Call0x7f215761ecb0","http://ufs.br/ontologies/mpl2kdl#_args","http://ufs.br/ontologies/mpl2kdl#Name0x7f215761ebf0"
"http://ufs.br/ontologies/mpl2kdl#Assign0x7f215761f820","http://www.w3.org/1999/02/22-rdf-syntax-ns#type","http://ufs.br/ontologies/mpl2kdl#Assign"
"http://ufs.br/ontologies/mpl2kdl#Module0x7f215761fe20","http://ufs.br/ontologies/mpl2kdl#_body","http://ufs.br/ontologies/mpl2kdl#ImportFrom0x7f215761fd90"
"http://ufs.br/ontologies/mpl2kdl#Name0x7f215761f460","http://ufs.br/ontologies/mpl2kdl#_id","request"
"http://ufs.br/ontologies/mpl2kdl#Name0x7f215761f940","http://www.w3.org/1999/02/22-rdf-syntax-ns#type","http://ufs.br/ontologies/mpl2kdl#Name"
"http://ufs.br/ontologies/mpl2kdl#alias0x7f215761fb80","http://www.w3.org/1999/02/22-rdf-syntax-ns#type","http://ufs.br/ontologies/mpl2kdl#alias"
"http://ufs.br/ontologies/mpl2kdl#Name0x7f215761f940","http://ufs.br/ontologies/mpl2kdl#_ctx","http://ufs.br/ontologies/mpl2kdl#Load0x7f215761c820"
"http://ufs.br/ontologies/mpl2kdl#Tuple0x7f215761f7f0","http://ufs.br/ontologies/mpl2kdl#_elts","http://ufs.br/ontologies/mpl2kdl#Name0x7f215761f7c0"
"http://ufs.br/ontologies/mpl2kdl#Constant0x7f215761f5b0","http://www.w3.org/1999/02/22-rdf-syntax-ns#type","http://ufs.br/ontologies/mpl2kdl#Constant"
"http://ufs.br/ontologies/mpl2kdl#Name0x7f215761f3d0","http://ufs.br/ontologies/mpl2kdl#_id","connection"
"http://ufs.br/ontologies/mpl2kdl#Name0x7f215761ebf0","http://ufs.br/ontologies/mpl2kdl#_ctx","http://ufs.br/ontologies/mpl2kdl#Load0x7f215761c820"
"http://ufs.br/ontologies/mpl2kdl#alias0x7f215761fc10","http://www.w3.org/1999/02/22-rdf-syntax-ns#type","http://ufs.br/ontologies/mpl2kdl#alias"
"http://ufs.br/ontologies/mpl2kdl#Name0x7f215761f250","http://ufs.br/ontologies/mpl2kdl#_id","locker_off"
"http://ufs.br/ontologies/mpl2kdl#ImportFrom0x7f215761fdf0","http://www.w3.org/1999/02/22-rdf-syntax-ns#type","http://ufs.br/ontologies/mpl2kdl#ImportFrom"
"http://ufs.br/ontologies/mpl2kdl#Assign0x7f215761f490","http://ufs.br/ontologies/mpl2kdl#_targets","http://ufs.br/ontologies/mpl2kdl#Name0x7f215761f460"
"http://ufs.br/ontologies/mpl2kdl#Name0x7f215761f250","http://www.w3.org/1999/02/22-rdf-syntax-ns#type","http://ufs.br/ontologies/mpl2kdl#Name"
"http://ufs.br/ontologies/mpl2kdl#alias0x7f215761fd00","http://ufs.br/ontologies/mpl2kdl#_name","wifi_station_connector_with_ssid_and_password"
"http://ufs.br/ontologies/mpl2kdl#Assign0x7f215761f370","http://ufs.br/ontologies/mpl2kdl#_value","http://ufs.br/ontologies/mpl2kdl#Call0x7f215761f310"
"http://ufs.br/ontologies/mpl2kdl#If0x7f215761f070","http://www.w3.org/1999/02/22-rdf-syntax-ns#type","http://ufs.br/ontologies/mpl2kdl#If"
"http://ufs.br/ontologies/mpl2kdl#alias0x7f215761fdc0","http://ufs.br/ontologies/mpl2kdl#_asname","vendor_os_debugging_messages"
"http://ufs.br/ontologies/mpl2kdl#Call0x7f215761f6a0","http://ufs.br/ontologies/mpl2kdl#_args","http://ufs.br/ontologies/mpl2kdl#Constant0x7f215761f610"
"http://ufs.br/ontologies/mpl2kdl#Name0x7f215761ea70","http://ufs.br/ontologies/mpl2kdl#_id","response"
"http://ufs.br/ontologies/mpl2kdl#alias0x7f215761fd60","http://ufs.br/ontologies/mpl2kdl#_asname","garbage_colector"
"http://ufs.br/ontologies/mpl2kdl#Name0x7f215761f550","http://ufs.br/ontologies/mpl2kdl#_ctx","http://ufs.br/ontologies/mpl2kdl#Store0x7f215761c880"
"http://ufs.br/ontologies/mpl2kdl#Name0x7f215761f340","http://www.w3.org/1999/02/22-rdf-syntax-ns#type","http://ufs.br/ontologies/mpl2kdl#Name"
"http://ufs.br/ontologies/mpl2kdl#Name0x7f215761f0d0","http://www.w3.org/1999/02/22-rdf-syntax-ns#type","http://ufs.br/ontologies/mpl2kdl#Name"
"http://ufs.br/ontologies/mpl2kdl#Compare0x7f215761f040","http://ufs.br/ontologies/mpl2kdl#_ops","http://ufs.br/ontologies/mpl2kdl#Eq0x7f215761d150"
"http://ufs.br/ontologies/mpl2kdl#Constant0x7f215761ec50","http://ufs.br/ontologies/mpl2kdl#_value","page.html"
"http://ufs.br/ontologies/mpl2kdl#ImportFrom0x7f215761fd30","http://ufs.br/ontologies/mpl2kdl#_names","http://ufs.br/ontologies/mpl2kdl#alias0x7f215761fbb0"
"http://ufs.br/ontologies/mpl2kdl#alias0x7f215761fc70","http://ufs.br/ontologies/mpl2kdl#_name","socket_request_receiver"
"http://ufs.br/ontologies/mpl2kdl#Expr0x7f215761f9a0","http://ufs.br/ontologies/mpl2kdl#_value","http://ufs.br/ontologies/mpl2kdl#Call0x7f215761f970"
"http://ufs.br/ontologies/mpl2kdl#Constant0x7f215761f640","http://ufs.br/ontologies/mpl2kdl#_value","3000"
"http://ufs.br/ontologies/mpl2kdl#Name0x7f215761f2b0","http://ufs.br/ontologies/mpl2kdl#_id","request"
"http://ufs.br/ontologies/mpl2kdl#Call0x7f215761eda0","http://ufs.br/ontologies/mpl2kdl#_func","http://ufs.br/ontologies/mpl2kdl#Name0x7f215761ed70"
"http://ufs.br/ontologies/mpl2kdl#Name0x7f215761f670","http://www.w3.org/1999/02/22-rdf-syntax-ns#type","http://ufs.br/ontologies/mpl2kdl#Name"
"http://ufs.br/ontologies/mpl2kdl#Name0x7f215761f670","http://ufs.br/ontologies/mpl2kdl#_id","socket_connector_with_port_max_listenable_and_host"
"http://ufs.br/ontologies/mpl2kdl#Constant0x7f215761ec20","http://www.w3.org/1999/02/22-rdf-syntax-ns#type","http://ufs.br/ontologies/mpl2kdl#Constant"
"http://ufs.br/ontologies/mpl2kdl#Name0x7f215761f670","http://ufs.br/ontologies/mpl2kdl#_ctx","http://ufs.br/ontologies/mpl2kdl#Load0x7f215761c820"
"http://ufs.br/ontologies/mpl2kdl#alias0x7f215761fbe0","http://ufs.br/ontologies/mpl2kdl#_name","init_locker"
"http://ufs.br/ontologies/mpl2kdl#While0x7f215761f5e0","http://ufs.br/ontologies/mpl2kdl#_test","http://ufs.br/ontologies/mpl2kdl#Constant0x7f215761f5b0"
"http://ufs.br/ontologies/mpl2kdl#alias0x7f215761fdc0","http://www.w3.org/1999/02/22-rdf-syntax-ns#type","http://ufs.br/ontologies/mpl2kdl#alias"
"http://ufs.br/ontologies/mpl2kdl#Expr0x7f215761fa60","http://www.w3.org/1999/02/22-rdf-syntax-ns#type","http://ufs.br/ontologies/mpl2kdl#Expr"
"http://ufs.br/ontologies/mpl2kdl#Name0x7f215761eb30","http://ufs.br/ontologies/mpl2kdl#_id","connection"
"http://ufs.br/ontologies/mpl2kdl#alias0x7f215761fbb0","http://ufs.br/ontologies/mpl2kdl#_name","open_locker_request"
"http://ufs.br/ontologies/mpl2kdl#FunctionDef0x7f215761faf0","http://ufs.br/ontologies/mpl2kdl#_body","http://ufs.br/ontologies/mpl2kdl#While0x7f215761f5e0"
"http://ufs.br/ontologies/mpl2kdl#Call0x7f215761eda0","http://ufs.br/ontologies/mpl2kdl#_args","http://ufs.br/ontologies/mpl2kdl#Name0x7f215761ed40"
"http://ufs.br/ontologies/mpl2kdl#Name0x7f215761eb30","http://ufs.br/ontologies/mpl2kdl#_ctx","http://ufs.br/ontologies/mpl2kdl#Load0x7f215761c820"
"http://ufs.br/ontologies/mpl2kdl#Name0x7f215761f7c0","http://ufs.br/ontologies/mpl2kdl#_ctx","http://ufs.br/ontologies/mpl2kdl#Store0x7f215761c880"
"http://ufs.br/ontologies/mpl2kdl#Name0x7f215761f6d0","http://ufs.br/ontologies/mpl2kdl#_id","socket"
"http://ufs.br/ontologies/mpl2kdl#Name0x7f215761f7c0","http://ufs.br/ontologies/mpl2kdl#_id","locker_state"
"http://ufs.br/ontologies/mpl2kdl#Call0x7f215761f310","http://www.w3.org/1999/02/22-rdf-syntax-ns#type","http://ufs.br/ontologies/mpl2kdl#Call"
"http://ufs.br/ontologies/mpl2kdl#Name0x7f215761f550","http://www.w3.org/1999/02/22-rdf-syntax-ns#type","http://ufs.br/ontologies/mpl2kdl#Name"
"http://ufs.br/ontologies/mpl2kdl#alias0x7f215761fb20","http://ufs.br/ontologies/mpl2kdl#_name","close_locker"
"http://ufs.br/ontologies/mpl2kdl#Name0x7f215761f400","http://ufs.br/ontologies/mpl2kdl#_id","socket_request_receiver"
"http://ufs.br/ontologies/mpl2kdl#ImportFrom0x7f215761fdf0","http://ufs.br/ontologies/mpl2kdl#_module","esp"
"http://ufs.br/ontologies/mpl2kdl#If0x7f215761eec0","http://ufs.br/ontologies/mpl2kdl#_test","http://ufs.br/ontologies/mpl2kdl#Compare0x7f215761ee90"
"http://ufs.br/ontologies/mpl2kdl#Call0x7f215761f760","http://ufs.br/ontologies/mpl2kdl#_func","http://ufs.br/ontologies/mpl2kdl#Name0x7f215761f730"
"http://ufs.br/ontologies/mpl2kdl#Name0x7f215761f2e0","http://www.w3.org/1999/02/22-rdf-syntax-ns#type","http://ufs.br/ontologies/mpl2kdl#Name"
"http://ufs.br/ontologies/mpl2kdl#Name0x7f215761f340","http://ufs.br/ontologies/mpl2kdl#_id","locker_on"
"http://ufs.br/ontologies/mpl2kdl#Constant0x7f215761ec50","http://www.w3.org/1999/02/22-rdf-syntax-ns#type","http://ufs.br/ontologies/mpl2kdl#Constant"
"http://ufs.br/ontologies/mpl2kdl#Name0x7f215761f400","http://www.w3.org/1999/02/22-rdf-syntax-ns#type","http://ufs.br/ontologies/mpl2kdl#Name"
"http://ufs.br/ontologies/mpl2kdl#Constant0x7f215761f850","http://www.w3.org/1999/02/22-rdf-syntax-ns#type","http://ufs.br/ontologies/mpl2kdl#Constant"
"http://ufs.br/ontologies/mpl2kdl#Name0x7f215761f4f0","http://ufs.br/ontologies/mpl2kdl#_ctx","http://ufs.br/ontologies/mpl2kdl#Load0x7f215761c820"
"http://ufs.br/ontologies/mpl2kdl#While0x7f215761f5e0","http://ufs.br/ontologies/mpl2kdl#_body","http://ufs.br/ontologies/mpl2kdl#If0x7f215761eec0"
"http://ufs.br/ontologies/mpl2kdl#alias0x7f215761fca0","http://ufs.br/ontologies/mpl2kdl#_name","socket_accepted_connection"
"http://ufs.br/ontologies/mpl2kdl#Constant0x7f215761f640","http://www.w3.org/1999/02/22-rdf-syntax-ns#type","http://ufs.br/ontologies/mpl2kdl#Constant"
"http://ufs.br/ontologies/mpl2kdl#While0x7f215761f5e0","http://ufs.br/ontologies/mpl2kdl#_body","http://ufs.br/ontologies/mpl2kdl#Assign0x7f215761ed10"
"http://ufs.br/ontologies/mpl2kdl#Assign0x7f215761efb0","http://ufs.br/ontologies/mpl2kdl#_targets","http://ufs.br/ontologies/mpl2kdl#Name0x7f215761ef80"
"http://ufs.br/ontologies/mpl2kdl#Name0x7f215761f730","http://ufs.br/ontologies/mpl2kdl#_ctx","http://ufs.br/ontologies/mpl2kdl#Load0x7f215761c820"
"http://ufs.br/ontologies/mpl2kdl#ImportFrom0x7f215761fd30","http://ufs.br/ontologies/mpl2kdl#_names","http://ufs.br/ontologies/mpl2kdl#alias0x7f215761fc40"
"http://ufs.br/ontologies/mpl2kdl#Expr0x7f215761fa60","http://ufs.br/ontologies/mpl2kdl#_value","http://ufs.br/ontologies/mpl2kdl#Call0x7f215761fa30"
"http://ufs.br/ontologies/mpl2kdl#While0x7f215761f5e0","http://ufs.br/ontologies/mpl2kdl#_body","http://ufs.br/ontologies/mpl2kdl#Assign0x7f215761f490"
"http://ufs.br/ontologies/mpl2kdl#Assign0x7f215761f490","http://www.w3.org/1999/02/22-rdf-syntax-ns#type","http://ufs.br/ontologies/mpl2kdl#Assign"
"http://ufs.br/ontologies/mpl2kdl#alias0x7f215761fc40","http://www.w3.org/1999/02/22-rdf-syntax-ns#type","http://ufs.br/ontologies/mpl2kdl#alias"
"http://ufs.br/ontologies/mpl2kdl#Name0x7f215761ee60","http://www.w3.org/1999/02/22-rdf-syntax-ns#type","http://ufs.br/ontologies/mpl2kdl#Name"
"http://ufs.br/ontologies/mpl2kdl#Constant0x7f215761ec20","http://ufs.br/ontologies/mpl2kdl#_value","""" + locker_state + """"
"http://ufs.br/ontologies/mpl2kdl#Name0x7f215761ee60","http://ufs.br/ontologies/mpl2kdl#_ctx","http://ufs.br/ontologies/mpl2kdl#Load0x7f215761c820"
"http://ufs.br/ontologies/mpl2kdl#Name0x7f215761ed40","http://www.w3.org/1999/02/22-rdf-syntax-ns#type","http://ufs.br/ontologies/mpl2kdl#Name"
"http://ufs.br/ontologies/mpl2kdl#Name0x7f215761f0a0","http://ufs.br/ontologies/mpl2kdl#_ctx","http://ufs.br/ontologies/mpl2kdl#Load0x7f215761c820"
"http://ufs.br/ontologies/mpl2kdl#ImportFrom0x7f215761fd30","http://ufs.br/ontologies/mpl2kdl#_names","http://ufs.br/ontologies/mpl2kdl#alias0x7f215761fcd0"
"http://ufs.br/ontologies/mpl2kdl#Name0x7f215761ed40","http://ufs.br/ontologies/mpl2kdl#_id","motor"
"http://ufs.br/ontologies/mpl2kdl#Name0x7f215761f2b0","http://www.w3.org/1999/02/22-rdf-syntax-ns#type","http://ufs.br/ontologies/mpl2kdl#Name"
"http://ufs.br/ontologies/mpl2kdl#Compare0x7f215761f040","http://ufs.br/ontologies/mpl2kdl#_left","http://ufs.br/ontologies/mpl2kdl#Name0x7f215761f010"
"http://ufs.br/ontologies/mpl2kdl#Expr0x7f215761f910","http://ufs.br/ontologies/mpl2kdl#_value","http://ufs.br/ontologies/mpl2kdl#Call0x7f215761f8e0"
"http://ufs.br/ontologies/mpl2kdl#Expr0x7f215761f910","http://www.w3.org/1999/02/22-rdf-syntax-ns#type","http://ufs.br/ontologies/mpl2kdl#Expr"
"http://ufs.br/ontologies/mpl2kdl#Store0x7f215761c880","http://www.w3.org/1999/02/22-rdf-syntax-ns#type","http://ufs.br/ontologies/mpl2kdl#Store"
"http://ufs.br/ontologies/mpl2kdl#Call0x7f215761f430","http://ufs.br/ontologies/mpl2kdl#_args","http://ufs.br/ontologies/mpl2kdl#Constant0x7f215761f3a0"
"http://ufs.br/ontologies/mpl2kdl#Name0x7f215761ece0","http://ufs.br/ontologies/mpl2kdl#_id","response"
"http://ufs.br/ontologies/mpl2kdl#ImportFrom0x7f215761fd30","http://ufs.br/ontologies/mpl2kdl#_names","http://ufs.br/ontologies/mpl2kdl#alias0x7f215761fca0"
"http://ufs.br/ontologies/mpl2kdl#Name0x7f215761f730","http://www.w3.org/1999/02/22-rdf-syntax-ns#type","http://ufs.br/ontologies/mpl2kdl#Name"
"http://ufs.br/ontologies/mpl2kdl#Call0x7f215761f520","http://ufs.br/ontologies/mpl2kdl#_func","http://ufs.br/ontologies/mpl2kdl#Name0x7f215761f4f0"
"http://ufs.br/ontologies/mpl2kdl#Call0x7f215761f8e0","http://www.w3.org/1999/02/22-rdf-syntax-ns#type","http://ufs.br/ontologies/mpl2kdl#Call"
"http://ufs.br/ontologies/mpl2kdl#Constant0x7f215761f3a0","http://ufs.br/ontologies/mpl2kdl#_value","1024"
"http://ufs.br/ontologies/mpl2kdl#Name0x7f215761eef0","http://ufs.br/ontologies/mpl2kdl#_ctx","http://ufs.br/ontologies/mpl2kdl#Load0x7f215761c820"
"http://ufs.br/ontologies/mpl2kdl#Call0x7f215761fa30","http://www.w3.org/1999/02/22-rdf-syntax-ns#type","http://ufs.br/ontologies/mpl2kdl#Call"
"http://ufs.br/ontologies/mpl2kdl#Assign0x7f215761ed10","http://ufs.br/ontologies/mpl2kdl#_targets","http://ufs.br/ontologies/mpl2kdl#Name0x7f215761ece0"
"http://ufs.br/ontologies/mpl2kdl#Call0x7f215761ef50","http://ufs.br/ontologies/mpl2kdl#_args","http://ufs.br/ontologies/mpl2kdl#Name0x7f215761eef0"
"http://ufs.br/ontologies/mpl2kdl#Compare0x7f215761f040","http://ufs.br/ontologies/mpl2kdl#_comparators","http://ufs.br/ontologies/mpl2kdl#Constant0x7f215761efe0"
"http://ufs.br/ontologies/mpl2kdl#FunctionDef0x7f215761faf0","http://www.w3.org/1999/02/22-rdf-syntax-ns#type","http://ufs.br/ontologies/mpl2kdl#FunctionDef"
"http://ufs.br/ontologies/mpl2kdl#Tuple0x7f215761f7f0","http://ufs.br/ontologies/mpl2kdl#_elts","http://ufs.br/ontologies/mpl2kdl#Name0x7f215761f790"
"http://ufs.br/ontologies/mpl2kdl#Assign0x7f215761f580","http://www.w3.org/1999/02/22-rdf-syntax-ns#type","http://ufs.br/ontologies/mpl2kdl#Assign"
"http://ufs.br/ontologies/mpl2kdl#Constant0x7f215761f3a0","http://www.w3.org/1999/02/22-rdf-syntax-ns#type","http://ufs.br/ontologies/mpl2kdl#Constant"
"http://ufs.br/ontologies/mpl2kdl#Assign0x7f215761f580","http://ufs.br/ontologies/mpl2kdl#_targets","http://ufs.br/ontologies/mpl2kdl#Name0x7f215761f550"
"http://ufs.br/ontologies/mpl2kdl#alias0x7f215761fdc0","http://ufs.br/ontologies/mpl2kdl#_name","osdebug"
"http://ufs.br/ontologies/mpl2kdl#Name0x7f215761ec80","http://ufs.br/ontologies/mpl2kdl#_ctx","http://ufs.br/ontologies/mpl2kdl#Load0x7f215761c820"
"http://ufs.br/ontologies/mpl2kdl#alias0x7f215761fb20","http://www.w3.org/1999/02/22-rdf-syntax-ns#type","http://ufs.br/ontologies/mpl2kdl#alias"
"http://ufs.br/ontologies/mpl2kdl#Name0x7f215761ee60","http://ufs.br/ontologies/mpl2kdl#_id","locker_off"
"http://ufs.br/ontologies/mpl2kdl#Name0x7f215761f460","http://ufs.br/ontologies/mpl2kdl#_ctx","http://ufs.br/ontologies/mpl2kdl#Store0x7f215761c880"
"http://ufs.br/ontologies/mpl2kdl#Assign0x7f215761f280","http://ufs.br/ontologies/mpl2kdl#_value","http://ufs.br/ontologies/mpl2kdl#Call0x7f215761f100"
"http://ufs.br/ontologies/mpl2kdl#Name0x7f215761ef20","http://ufs.br/ontologies/mpl2kdl#_id","open_locker"
"http://ufs.br/ontologies/mpl2kdl#Name0x7f215761f790","http://ufs.br/ontologies/mpl2kdl#_ctx","http://ufs.br/ontologies/mpl2kdl#Store0x7f215761c880"
"http://ufs.br/ontologies/mpl2kdl#Eq0x7f215761d150","http://www.w3.org/1999/02/22-rdf-syntax-ns#type","http://ufs.br/ontologies/mpl2kdl#Eq"
"http://ufs.br/ontologies/mpl2kdl#Expr0x7f215761ebc0","http://www.w3.org/1999/02/22-rdf-syntax-ns#type","http://ufs.br/ontologies/mpl2kdl#Expr"
"http://ufs.br/ontologies/mpl2kdl#Name0x7f215761edd0","http://www.w3.org/1999/02/22-rdf-syntax-ns#type","http://ufs.br/ontologies/mpl2kdl#Name"
"http://ufs.br/ontologies/mpl2kdl#alias0x7f215761fbb0","http://www.w3.org/1999/02/22-rdf-syntax-ns#type","http://ufs.br/ontologies/mpl2kdl#alias"
"http://ufs.br/ontologies/mpl2kdl#Module0x7f215761fe20","http://ufs.br/ontologies/mpl2kdl#_body","http://ufs.br/ontologies/mpl2kdl#FunctionDef0x7f215761faf0"
"http://ufs.br/ontologies/mpl2kdl#Constant0x7f215761efe0","http://www.w3.org/1999/02/22-rdf-syntax-ns#type","http://ufs.br/ontologies/mpl2kdl#Constant"
"http://ufs.br/ontologies/mpl2kdl#If0x7f215761f070","http://ufs.br/ontologies/mpl2kdl#_test","http://ufs.br/ontologies/mpl2kdl#Compare0x7f215761f040"
"http://ufs.br/ontologies/mpl2kdl#Name0x7f215761f3d0","http://www.w3.org/1999/02/22-rdf-syntax-ns#type","http://ufs.br/ontologies/mpl2kdl#Name"
"http://ufs.br/ontologies/mpl2kdl#Call0x7f215761f430","http://www.w3.org/1999/02/22-rdf-syntax-ns#type","http://ufs.br/ontologies/mpl2kdl#Call"
"http://ufs.br/ontologies/mpl2kdl#alias0x7f215761fcd0","http://ufs.br/ontologies/mpl2kdl#_name","socket_connector_with_port_max_listenable_and_host"
"http://ufs.br/ontologies/mpl2kdl#Name0x7f215761f3d0","http://ufs.br/ontologies/mpl2kdl#_ctx","http://ufs.br/ontologies/mpl2kdl#Load0x7f215761c820"
"http://ufs.br/ontologies/mpl2kdl#Name0x7f215761ef80","http://www.w3.org/1999/02/22-rdf-syntax-ns#type","http://ufs.br/ontologies/mpl2kdl#Name"
"http://ufs.br/ontologies/mpl2kdl#Assign0x7f215761f700","http://ufs.br/ontologies/mpl2kdl#_targets","http://ufs.br/ontologies/mpl2kdl#Name0x7f215761f6d0"
"http://ufs.br/ontologies/mpl2kdl#While0x7f215761f5e0","http://ufs.br/ontologies/mpl2kdl#_body","http://ufs.br/ontologies/mpl2kdl#Assign0x7f215761f280"
"http://ufs.br/ontologies/mpl2kdl#Name0x7f215761ed70","http://ufs.br/ontologies/mpl2kdl#_ctx","http://ufs.br/ontologies/mpl2kdl#Load0x7f215761c820"
"http://ufs.br/ontologies/mpl2kdl#Name0x7f215761f730","http://ufs.br/ontologies/mpl2kdl#_id","init_locker"
"http://ufs.br/ontologies/mpl2kdl#Name0x7f215761ef20","http://www.w3.org/1999/02/22-rdf-syntax-ns#type","http://ufs.br/ontologies/mpl2kdl#Name"
"http://ufs.br/ontologies/mpl2kdl#Call0x7f215761ecb0","http://ufs.br/ontologies/mpl2kdl#_func","http://ufs.br/ontologies/mpl2kdl#Name0x7f215761ec80"
"http://ufs.br/ontologies/mpl2kdl#Call0x7f215761fa30","http://ufs.br/ontologies/mpl2kdl#_args","http://ufs.br/ontologies/mpl2kdl#Constant0x7f215761f9d0"
"http://ufs.br/ontologies/mpl2kdl#Call0x7f215761f8e0","http://ufs.br/ontologies/mpl2kdl#_func","http://ufs.br/ontologies/mpl2kdl#Name0x7f215761f8b0"
"http://ufs.br/ontologies/mpl2kdl#Call0x7f215761f100","http://ufs.br/ontologies/mpl2kdl#_args","http://ufs.br/ontologies/mpl2kdl#Name0x7f215761f0a0"
"http://ufs.br/ontologies/mpl2kdl#arguments0x7f215761fac0","http://www.w3.org/1999/02/22-rdf-syntax-ns#type","http://ufs.br/ontologies/mpl2kdl#arguments"
"http://ufs.br/ontologies/mpl2kdl#Name0x7f215761edd0","http://ufs.br/ontologies/mpl2kdl#_ctx","http://ufs.br/ontologies/mpl2kdl#Store0x7f215761c880"
"http://ufs.br/ontologies/mpl2kdl#Name0x7f215761ea70","http://www.w3.org/1999/02/22-rdf-syntax-ns#type","http://ufs.br/ontologies/mpl2kdl#Name"
"http://ufs.br/ontologies/mpl2kdl#ImportFrom0x7f215761fd30","http://ufs.br/ontologies/mpl2kdl#_names","http://ufs.br/ontologies/mpl2kdl#alias0x7f215761fb50"
"http://ufs.br/ontologies/mpl2kdl#Call0x7f215761f100","http://ufs.br/ontologies/mpl2kdl#_func","http://ufs.br/ontologies/mpl2kdl#Name0x7f215761f0d0"
"http://ufs.br/ontologies/mpl2kdl#Name0x7f215761ec80","http://www.w3.org/1999/02/22-rdf-syntax-ns#type","http://ufs.br/ontologies/mpl2kdl#Name"
"http://ufs.br/ontologies/mpl2kdl#Name0x7f215761ed70","http://ufs.br/ontologies/mpl2kdl#_id","close_locker"
"http://ufs.br/ontologies/mpl2kdl#Name0x7f215761f4f0","http://ufs.br/ontologies/mpl2kdl#_id","socket_accepted_connection"
"http://ufs.br/ontologies/mpl2kdl#Name0x7f215761fa00","http://ufs.br/ontologies/mpl2kdl#_id","vendor_os_debugging_messages"
"http://ufs.br/ontologies/mpl2kdl#Name0x7f215761f790","http://www.w3.org/1999/02/22-rdf-syntax-ns#type","http://ufs.br/ontologies/mpl2kdl#Name"
"http://ufs.br/ontologies/mpl2kdl#Name0x7f215761f790","http://ufs.br/ontologies/mpl2kdl#_id","motor"
"http://ufs.br/ontologies/mpl2kdl#While0x7f215761f5e0","http://ufs.br/ontologies/mpl2kdl#_body","http://ufs.br/ontologies/mpl2kdl#Assign0x7f215761f580"
"http://ufs.br/ontologies/mpl2kdl#While0x7f215761f5e0","http://ufs.br/ontologies/mpl2kdl#_body","http://ufs.br/ontologies/mpl2kdl#Expr0x7f215761ebc0"
"http://ufs.br/ontologies/mpl2kdl#alias0x7f215761fc10","http://ufs.br/ontologies/mpl2kdl#_name","socket_response_sender_by_conn"
"http://ufs.br/ontologies/mpl2kdl#ImportFrom0x7f215761fd30","http://ufs.br/ontologies/mpl2kdl#_names","http://ufs.br/ontologies/mpl2kdl#alias0x7f215761fd00"
"http://ufs.br/ontologies/mpl2kdl#Compare0x7f215761ee90","http://ufs.br/ontologies/mpl2kdl#_comparators","http://ufs.br/ontologies/mpl2kdl#Constant0x7f215761ee30"
"http://ufs.br/ontologies/mpl2kdl#Call0x7f215761f430","http://ufs.br/ontologies/mpl2kdl#_args","http://ufs.br/ontologies/mpl2kdl#Name0x7f215761f3d0"
"http://ufs.br/ontologies/mpl2kdl#Constant0x7f215761f880","http://www.w3.org/1999/02/22-rdf-syntax-ns#type","http://ufs.br/ontologies/mpl2kdl#Constant"
"http://ufs.br/ontologies/mpl2kdl#ImportFrom0x7f215761fd90","http://www.w3.org/1999/02/22-rdf-syntax-ns#type","http://ufs.br/ontologies/mpl2kdl#ImportFrom"
"http://ufs.br/ontologies/mpl2kdl#Name0x7f215761f6d0","http://www.w3.org/1999/02/22-rdf-syntax-ns#type","http://ufs.br/ontologies/mpl2kdl#Name"
"http://ufs.br/ontologies/mpl2kdl#ImportFrom0x7f215761fd30","http://ufs.br/ontologies/mpl2kdl#_names","http://ufs.br/ontologies/mpl2kdl#alias0x7f215761fc10"
"http://ufs.br/ontologies/mpl2kdl#Name0x7f215761fa00","http://ufs.br/ontologies/mpl2kdl#_ctx","http://ufs.br/ontologies/mpl2kdl#Load0x7f215761c820"
"http://ufs.br/ontologies/mpl2kdl#Name0x7f215761eb60","http://ufs.br/ontologies/mpl2kdl#_ctx","http://ufs.br/ontologies/mpl2kdl#Load0x7f215761c820"
"http://ufs.br/ontologies/mpl2kdl#Call0x7f215761eda0","http://www.w3.org/1999/02/22-rdf-syntax-ns#type","http://ufs.br/ontologies/mpl2kdl#Call"
"http://ufs.br/ontologies/mpl2kdl#Assign0x7f215761f280","http://www.w3.org/1999/02/22-rdf-syntax-ns#type","http://ufs.br/ontologies/mpl2kdl#Assign"
"http://ufs.br/ontologies/mpl2kdl#ImportFrom0x7f215761fd30","http://ufs.br/ontologies/mpl2kdl#_names","http://ufs.br/ontologies/mpl2kdl#alias0x7f215761fc70"
"http://ufs.br/ontologies/mpl2kdl#Module0x7f215761fe20","http://ufs.br/ontologies/mpl2kdl#_body","http://ufs.br/ontologies/mpl2kdl#ImportFrom0x7f215761fd30"
"http://ufs.br/ontologies/mpl2kdl#Name0x7f215761ebf0","http://www.w3.org/1999/02/22-rdf-syntax-ns#type","http://ufs.br/ontologies/mpl2kdl#Name"
"http://ufs.br/ontologies/mpl2kdl#FunctionDef0x7f215761faf0","http://ufs.br/ontologies/mpl2kdl#_body","http://ufs.br/ontologies/mpl2kdl#Expr0x7f215761f9a0"
"http://ufs.br/ontologies/mpl2kdl#Call0x7f215761ef50","http://www.w3.org/1999/02/22-rdf-syntax-ns#type","http://ufs.br/ontologies/mpl2kdl#Call"
"http://ufs.br/ontologies/mpl2kdl#Name0x7f215761eb60","http://ufs.br/ontologies/mpl2kdl#_id","socket_response_sender_by_conn"
"http://ufs.br/ontologies/mpl2kdl#Call0x7f215761eb90","http://ufs.br/ontologies/mpl2kdl#_args","http://ufs.br/ontologies/mpl2kdl#Name0x7f215761eb30"
"http://ufs.br/ontologies/mpl2kdl#Assign0x7f215761ed10","http://ufs.br/ontologies/mpl2kdl#_value","http://ufs.br/ontologies/mpl2kdl#Call0x7f215761ecb0"
"http://ufs.br/ontologies/mpl2kdl#Assign0x7f215761efb0","http://www.w3.org/1999/02/22-rdf-syntax-ns#type","http://ufs.br/ontologies/mpl2kdl#Assign"
"http://ufs.br/ontologies/mpl2kdl#Name0x7f215761ebf0","http://ufs.br/ontologies/mpl2kdl#_id","locker_state"
"http://ufs.br/ontologies/mpl2kdl#Call0x7f215761f310","http://ufs.br/ontologies/mpl2kdl#_args","http://ufs.br/ontologies/mpl2kdl#Name0x7f215761f2b0"
"http://ufs.br/ontologies/mpl2kdl#Constant0x7f215761f5b0","http://ufs.br/ontologies/mpl2kdl#_value","True"
"http://ufs.br/ontologies/mpl2kdl#Assign0x7f215761ee00","http://ufs.br/ontologies/mpl2kdl#_targets","http://ufs.br/ontologies/mpl2kdl#Name0x7f215761edd0"
"http://ufs.br/ontologies/mpl2kdl#Expr0x7f215761f9a0","http://www.w3.org/1999/02/22-rdf-syntax-ns#type","http://ufs.br/ontologies/mpl2kdl#Expr"
"http://ufs.br/ontologies/mpl2kdl#alias0x7f215761fd60","http://www.w3.org/1999/02/22-rdf-syntax-ns#type","http://ufs.br/ontologies/mpl2kdl#alias"
"http://ufs.br/ontologies/mpl2kdl#Load0x7f215761c820","http://www.w3.org/1999/02/22-rdf-syntax-ns#type","http://ufs.br/ontologies/mpl2kdl#Load"
"http://ufs.br/ontologies/mpl2kdl#Name0x7f215761f2e0","http://ufs.br/ontologies/mpl2kdl#_id","open_locker_request"
"http://ufs.br/ontologies/mpl2kdl#ImportFrom0x7f215761fd30","http://ufs.br/ontologies/mpl2kdl#_names","http://ufs.br/ontologies/mpl2kdl#alias0x7f215761fb80"
"http://ufs.br/ontologies/mpl2kdl#While0x7f215761f5e0","http://ufs.br/ontologies/mpl2kdl#_body","http://ufs.br/ontologies/mpl2kdl#Assign0x7f215761f370"
"http://ufs.br/ontologies/mpl2kdl#Constant0x7f215761f850","http://ufs.br/ontologies/mpl2kdl#_value","0123456789"
"http://ufs.br/ontologies/mpl2kdl#Call0x7f215761ecb0","http://www.w3.org/1999/02/22-rdf-syntax-ns#type","http://ufs.br/ontologies/mpl2kdl#Call"
"http://ufs.br/ontologies/mpl2kdl#FunctionDef0x7f215761faf0","http://ufs.br/ontologies/mpl2kdl#_name","startServer"
"http://ufs.br/ontologies/mpl2kdl#Compare0x7f215761ee90","http://ufs.br/ontologies/mpl2kdl#_left","http://ufs.br/ontologies/mpl2kdl#Name0x7f215761ee60"
"http://ufs.br/ontologies/mpl2kdl#Name0x7f215761f0a0","http://ufs.br/ontologies/mpl2kdl#_id","request"
"http://ufs.br/ontologies/mpl2kdl#Call0x7f215761f760","http://www.w3.org/1999/02/22-rdf-syntax-ns#type","http://ufs.br/ontologies/mpl2kdl#Call"
"http://ufs.br/ontologies/mpl2kdl#Constant0x7f215761f610","http://www.w3.org/1999/02/22-rdf-syntax-ns#type","http://ufs.br/ontologies/mpl2kdl#Constant"
"http://ufs.br/ontologies/mpl2kdl#alias0x7f215761fb50","http://ufs.br/ontologies/mpl2kdl#_name","open_locker"
"http://ufs.br/ontologies/mpl2kdl#Call0x7f215761ecb0","http://ufs.br/ontologies/mpl2kdl#_args","http://ufs.br/ontologies/mpl2kdl#Constant0x7f215761ec20"
"http://ufs.br/ontologies/mpl2kdl#Constant0x7f215761efe0","http://ufs.br/ontologies/mpl2kdl#_value","6"
"http://ufs.br/ontologies/mpl2kdl#Name0x7f215761ece0","http://ufs.br/ontologies/mpl2kdl#_ctx","http://ufs.br/ontologies/mpl2kdl#Store0x7f215761c880"
"http://ufs.br/ontologies/mpl2kdl#Name0x7f215761f940","http://ufs.br/ontologies/mpl2kdl#_id","garbage_colector"
"http://ufs.br/ontologies/mpl2kdl#Name0x7f215761f8b0","http://www.w3.org/1999/02/22-rdf-syntax-ns#type","http://ufs.br/ontologies/mpl2kdl#Name"
"http://ufs.br/ontologies/mpl2kdl#Name0x7f215761f8b0","http://ufs.br/ontologies/mpl2kdl#_ctx","http://ufs.br/ontologies/mpl2kdl#Load0x7f215761c820"
"http://ufs.br/ontologies/mpl2kdl#Module0x7f215761fe20","http://ufs.br/ontologies/mpl2kdl#_body","http://ufs.br/ontologies/mpl2kdl#ImportFrom0x7f215761fdf0"
"http://ufs.br/ontologies/mpl2kdl#Module0x7f215761fe20","http://www.w3.org/1999/02/22-rdf-syntax-ns#type","http://ufs.br/ontologies/mpl2kdl#Module"
"http://ufs.br/ontologies/mpl2kdl#alias0x7f215761fbe0","http://www.w3.org/1999/02/22-rdf-syntax-ns#type","http://ufs.br/ontologies/mpl2kdl#alias"
"http://ufs.br/ontologies/mpl2kdl#Name0x7f215761f0d0","http://ufs.br/ontologies/mpl2kdl#_ctx","http://ufs.br/ontologies/mpl2kdl#Load0x7f215761c820"
"http://ufs.br/ontologies/mpl2kdl#Name0x7f215761eb30","http://www.w3.org/1999/02/22-rdf-syntax-ns#type","http://ufs.br/ontologies/mpl2kdl#Name"
"http://ufs.br/ontologies/mpl2kdl#alias0x7f215761fcd0","http://www.w3.org/1999/02/22-rdf-syntax-ns#type","http://ufs.br/ontologies/mpl2kdl#alias"
"http://ufs.br/ontologies/mpl2kdl#alias0x7f215761fc40","http://ufs.br/ontologies/mpl2kdl#_name","web_page_loader"
"http://ufs.br/ontologies/mpl2kdl#ImportFrom0x7f215761fd30","http://ufs.br/ontologies/mpl2kdl#_names","http://ufs.br/ontologies/mpl2kdl#alias0x7f215761fbe0"
"http://ufs.br/ontologies/mpl2kdl#Name0x7f215761f0d0","http://ufs.br/ontologies/mpl2kdl#_id","close_locker_request"
"http://ufs.br/ontologies/mpl2kdl#Name0x7f215761f4c0","http://ufs.br/ontologies/mpl2kdl#_ctx","http://ufs.br/ontologies/mpl2kdl#Load0x7f215761c820"
"http://ufs.br/ontologies/mpl2kdl#If0x7f215761eec0","http://ufs.br/ontologies/mpl2kdl#_body","http://ufs.br/ontologies/mpl2kdl#Assign0x7f215761ee00"
"http://ufs.br/ontologies/mpl2kdl#Call0x7f215761eb90","http://ufs.br/ontologies/mpl2kdl#_args","http://ufs.br/ontologies/mpl2kdl#Name0x7f215761ea70"
"http://ufs.br/ontologies/mpl2kdl#Call0x7f215761f6a0","http://ufs.br/ontologies/mpl2kdl#_args","http://ufs.br/ontologies/mpl2kdl#Constant0x7f215761f640"
"http://ufs.br/ontologies/mpl2kdl#FunctionDef0x7f215761faf0","http://ufs.br/ontologies/mpl2kdl#_body","http://ufs.br/ontologies/mpl2kdl#Assign0x7f215761f820"
"http://ufs.br/ontologies/mpl2kdl#Call0x7f215761fa30","http://ufs.br/ontologies/mpl2kdl#_func","http://ufs.br/ontologies/mpl2kdl#Name0x7f215761fa00"
"http://ufs.br/ontologies/mpl2kdl#Call0x7f215761f970","http://www.w3.org/1999/02/22-rdf-syntax-ns#type","http://ufs.br/ontologies/mpl2kdl#Call"
"http://ufs.br/ontologies/mpl2kdl#Name0x7f215761ece0","http://www.w3.org/1999/02/22-rdf-syntax-ns#type","http://ufs.br/ontologies/mpl2kdl#Name"
"http://ufs.br/ontologies/mpl2kdl#Call0x7f215761f8e0","http://ufs.br/ontologies/mpl2kdl#_args","http://ufs.br/ontologies/mpl2kdl#Constant0x7f215761f850"
"http://ufs.br/ontologies/mpl2kdl#Name0x7f215761f4f0","http://www.w3.org/1999/02/22-rdf-syntax-ns#type","http://ufs.br/ontologies/mpl2kdl#Name"
"http://ufs.br/ontologies/mpl2kdl#Name0x7f215761ef80","http://ufs.br/ontologies/mpl2kdl#_id","locker_state"
"http://ufs.br/ontologies/mpl2kdl#Call0x7f215761f8e0","http://ufs.br/ontologies/mpl2kdl#_args","http://ufs.br/ontologies/mpl2kdl#Constant0x7f215761f880"
"http://ufs.br/ontologies/mpl2kdl#ImportFrom0x7f215761fd30","http://www.w3.org/1999/02/22-rdf-syntax-ns#type","http://ufs.br/ontologies/mpl2kdl#ImportFrom"
"http://ufs.br/ontologies/mpl2kdl#FunctionDef0x7f215761faf0","http://ufs.br/ontologies/mpl2kdl#_body","http://ufs.br/ontologies/mpl2kdl#Expr0x7f215761f910"
"http://ufs.br/ontologies/mpl2kdl#Name0x7f215761f550","http://ufs.br/ontologies/mpl2kdl#_id","connection"
"http://ufs.br/ontologies/mpl2kdl#ImportFrom0x7f215761fd90","http://ufs.br/ontologies/mpl2kdl#_module","gc"
"http://ufs.br/ontologies/mpl2kdl#Call0x7f215761ef50","http://ufs.br/ontologies/mpl2kdl#_func","http://ufs.br/ontologies/mpl2kdl#Name0x7f215761ef20"
"http://ufs.br/ontologies/mpl2kdl#Call0x7f215761eb90","http://www.w3.org/1999/02/22-rdf-syntax-ns#type","http://ufs.br/ontologies/mpl2kdl#Call"
"http://ufs.br/ontologies/mpl2kdl#Name0x7f215761f2e0","http://ufs.br/ontologies/mpl2kdl#_ctx","http://ufs.br/ontologies/mpl2kdl#Load0x7f215761c820"
"http://ufs.br/ontologies/mpl2kdl#Assign0x7f215761f490","http://ufs.br/ontologies/mpl2kdl#_value","http://ufs.br/ontologies/mpl2kdl#Call0x7f215761f430"
"http://ufs.br/ontologies/mpl2kdl#Name0x7f215761f8b0","http://ufs.br/ontologies/mpl2kdl#_id","wifi_station_connector_with_ssid_and_password"
"http://ufs.br/ontologies/mpl2kdl#Name0x7f215761f010","http://www.w3.org/1999/02/22-rdf-syntax-ns#type","http://ufs.br/ontologies/mpl2kdl#Name"
"http://ufs.br/ontologies/mpl2kdl#Assign0x7f215761ee00","http://www.w3.org/1999/02/22-rdf-syntax-ns#type","http://ufs.br/ontologies/mpl2kdl#Assign"
"http://ufs.br/ontologies/mpl2kdl#Assign0x7f215761f370","http://www.w3.org/1999/02/22-rdf-syntax-ns#type","http://ufs.br/ontologies/mpl2kdl#Assign"
"http://ufs.br/ontologies/mpl2kdl#Name0x7f215761f400","http://ufs.br/ontologies/mpl2kdl#_ctx","http://ufs.br/ontologies/mpl2kdl#Load0x7f215761c820"
"http://ufs.br/ontologies/mpl2kdl#Name0x7f215761f010","http://ufs.br/ontologies/mpl2kdl#_ctx","http://ufs.br/ontologies/mpl2kdl#Load0x7f215761c820"
"http://ufs.br/ontologies/mpl2kdl#alias0x7f215761fc70","http://www.w3.org/1999/02/22-rdf-syntax-ns#type","http://ufs.br/ontologies/mpl2kdl#alias"
"http://ufs.br/ontologies/mpl2kdl#Name0x7f215761f0a0","http://www.w3.org/1999/02/22-rdf-syntax-ns#type","http://ufs.br/ontologies/mpl2kdl#Name"
"http://ufs.br/ontologies/mpl2kdl#If0x7f215761f070","http://ufs.br/ontologies/mpl2kdl#_body","http://ufs.br/ontologies/mpl2kdl#Assign0x7f215761efb0"
"http://ufs.br/ontologies/mpl2kdl#digitalLockerRefRef","http://www.wsmo.org/wsml/wsml-syntax#ontologyID","http://ufs.br/ontologies/mpl2kdl#digitalLockerRefRef"
"http://ufs.br/ontologies/mpl2kdl#Name0x7f215761f7c0","http://www.w3.org/1999/02/22-rdf-syntax-ns#type","http://ufs.br/ontologies/mpl2kdl#Name"
"http://ufs.br/ontologies/mpl2kdl#If0x7f215761eec0","http://www.w3.org/1999/02/22-rdf-syntax-ns#type","http://ufs.br/ontologies/mpl2kdl#If"
"http://ufs.br/ontologies/mpl2kdl#Name0x7f215761edd0","http://ufs.br/ontologies/mpl2kdl#_id","locker_state"
"http://ufs.br/ontologies/mpl2kdl#Assign0x7f215761ed10","http://www.w3.org/1999/02/22-rdf-syntax-ns#type","http://ufs.br/ontologies/mpl2kdl#Assign"
"http://ufs.br/ontologies/mpl2kdl#ImportFrom0x7f215761fd30","http://ufs.br/ontologies/mpl2kdl#_names","http://ufs.br/ontologies/mpl2kdl#alias0x7f215761fb20"
"http://ufs.br/ontologies/mpl2kdl#Name0x7f215761eef0","http://www.w3.org/1999/02/22-rdf-syntax-ns#type","http://ufs.br/ontologies/mpl2kdl#Name"
"http://ufs.br/ontologies/mpl2kdl#Name0x7f215761f2b0","http://ufs.br/ontologies/mpl2kdl#_ctx","http://ufs.br/ontologies/mpl2kdl#Load0x7f215761c820"
"http://ufs.br/ontologies/mpl2kdl#Name0x7f215761ef80","http://ufs.br/ontologies/mpl2kdl#_ctx","http://ufs.br/ontologies/mpl2kdl#Store0x7f215761c880"
"http://ufs.br/ontologies/mpl2kdl#Name0x7f215761eef0","http://ufs.br/ontologies/mpl2kdl#_id","motor"
"http://ufs.br/ontologies/mpl2kdl#FunctionDef0x7f215761faf0","http://ufs.br/ontologies/mpl2kdl#_body","http://ufs.br/ontologies/mpl2kdl#Assign0x7f215761f700"
"http://ufs.br/ontologies/mpl2kdl#Constant0x7f215761ee30","http://www.w3.org/1999/02/22-rdf-syntax-ns#type","http://ufs.br/ontologies/mpl2kdl#Constant"
"http://ufs.br/ontologies/mpl2kdl#Compare0x7f215761ee90","http://www.w3.org/1999/02/22-rdf-syntax-ns#type","http://ufs.br/ontologies/mpl2kdl#Compare"
"http://ufs.br/ontologies/mpl2kdl#alias0x7f215761fb80","http://ufs.br/ontologies/mpl2kdl#_name","close_locker_request"
"http://ufs.br/ontologies/mpl2kdl#FunctionDef0x7f215761faf0","http://ufs.br/ontologies/mpl2kdl#_args","http://ufs.br/ontologies/mpl2kdl#arguments0x7f215761fac0"
"http://ufs.br/ontologies/mpl2kdl#Call0x7f215761f100","http://www.w3.org/1999/02/22-rdf-syntax-ns#type","http://ufs.br/ontologies/mpl2kdl#Call"
"http://ufs.br/ontologies/mpl2kdl#alias0x7f215761fd60","http://ufs.br/ontologies/mpl2kdl#_name","collect"
"http://ufs.br/ontologies/mpl2kdl#Call0x7f215761ecb0","http://ufs.br/ontologies/mpl2kdl#_args","http://ufs.br/ontologies/mpl2kdl#Constant0x7f215761ec50"
